block_no,block_name,room_no,floor,room_type,owner_id,owner_name,tenant_id,tenant_name,monthly_rent,employee_id,complaint_id,complaint_text,complaint_category,complaint_status,payment_id,payment_amount,payment_date,payment_status
B2,Harmony Residency,126,6,2BHK,O1001,Amita Panicker,T1001,Meera D'Souza,18503,E104,C1001,Shower head clogged,Plumbing,In Progress,P10001,18503,09-12-2025,Paid
B7,Crystal View,133,1,1BHK,O1002,Amita Panicker,T1002,Aditya Verma,12395,E120,C1002,Electric socket sparking near bed,Electricity,In Progress,P10002,12395,04-12-2025,Paid
B7,Crystal View,326,4,3BHK,O1003,Rajesh Mehta,T1003,Pradeep Singh,26278,E114,C1003,Leakage near washing machine outlet,Plumbing,Pending,P10003,26278,03-12-2025,Paid
B4,Lakeview Towers,445,1,1BHK,O1004,Suresh Krishnan,T1004,Monica Bhosale,13056,E112,C1004,Overflowing garbage bin,Housekeeping,Pending,P10004,13056,01-12-2025,Paid
B8,Riverside Park,650,1,2BHK,O1005,Sanjana Bhat,T1005,Abhinav Gupta,17822,E120,C1005,Garbage not collected today,Housekeeping,In Progress,P10005,17822,04-12-2025,Paid
B2,Harmony Residency,147,6,1BHK,O1006,Preeti Shetty,T1006,Deepak Rao,12685,E104,C1006,Switch socket cracked in hall,Electricity,Pending,P10006,12685,08-12-2025,Pending
B3,Sunrise Enclave,480,3,1BHK,O1007,Harish Bhat,T1007,Nikhil Rao,12593,E106,C1007,Mop left in corridor,Housekeeping,In Progress,P10007,12593,04-12-2025,Paid
B3,Sunrise Enclave,574,4,2BHK,O1008,Amita Panicker,T1008,Isha Prabhu,19781,E111,C1008,Metallic taste in water,Water,Resolved,P10008,19781,04-12-2025,Paid
B1,Maple Heights,424,4,2BHK,O1009,Meghna Iyer,T1009,Arjun Tiwari,17771,E111,C1009,Water dripping from ceiling after rain,Plumbing,In Progress,P10009,17771,08-12-2025,Pending
B8,Riverside Park,247,3,1BHK,O1010,Sanjana Bhat,T1010,Kabir Sinha,12510,E109,C1010,Sink trap jammed,Plumbing,In Progress,P10010,12510,07-12-2025,Pending
B6,Silver Oaks,325,2,3BHK,O1011,Preeti Shetty,T1011,Kiran Kumar,28042,E104,C1011,Housekeeping skipped common corridor,Housekeeping,In Progress,P10011,28042,03-12-2025,Paid
B7,Crystal View,166,4,2BHK,O1012,Meera Ghosh,T1012,Roshni Pandey,19940,E109,C1012,Ceiling leak near water tank,Plumbing,Resolved,P10012,19940,11-12-2025,Pending
B5,Green Meadows,449,1,2BHK,O1013,Sunita Nambiar,T1013,Sonal Shah,19280,E101,C1013,Dust on balcony after cleaning,Housekeeping,In Progress,P10013,19280,05-12-2025,Paid
B3,Sunrise Enclave,620,1,3BHK,O1014,Ashok Kumar,T1014,Nikhil Rao,26444,E107,C1014,Housekeeping skipped common corridor,Housekeeping,Pending,P10014,26444,03-12-2025,Paid
B1,Maple Heights,432,4,1BHK,O1015,Prakash Rao,T1015,Devika Krishnan,11958,E108,C1015,Fan not working in bedroom,Electricity,Resolved,P10015,11958,10-12-2025,Paid
B2,Harmony Residency,598,1,3BHK,O1016,Ajay Desai,T1016,Akshay Nair,25030,E116,C1016,Ceiling leak near water tank,Plumbing,Resolved,P10016,25030,05-12-2025,Paid
B7,Crystal View,317,5,3BHK,O1017,Niranjan Gupta,T1017,Devika Krishnan,29651,E113,C1017,Floor not mopped properly,Housekeeping,In Progress,P10017,29651,06-12-2025,Pending
B8,Riverside Park,224,2,1BHK,O1018,Haritha Singh,T1018,Neha Kapoor,11762,E119,C1018,Ceiling leak near water tank,Plumbing,Resolved,P10018,11762,10-12-2025,Paid
B1,Maple Heights,173,6,3BHK,O1019,Amita Panicker,T1019,Sneha Menon,24482,E102,C1019,Leakage near washing machine outlet,Plumbing,Resolved,P10019,24482,09-12-2025,Paid
B5,Green Meadows,598,2,3BHK,O1020,Vikram Singh,T1020,Arjun Tiwari,25083,E116,C1020,Utensil rack area not cleaned properly,Housekeeping,Pending,P10020,25083,07-12-2025,Paid
B2,Harmony Residency,200,6,2BHK,O1021,Deepak Thomas,T1021,Divya Patel,18951,E115,C1021,Dust on balcony after cleaning,Housekeeping,Resolved,P10021,18951,11-12-2025,Pending
B1,Maple Heights,513,6,2BHK,O1022,Ravi Kulkarni,T1022,Charan Bhat,17947,E107,C1022,Mop left in corridor,Housekeeping,Pending,P10022,17947,03-12-2025,Paid
B7,Crystal View,288,3,2BHK,O1023,Harish Bhat,T1023,Abhishek Banerjee,18523,E118,C1023,Hall light flickering frequently,Electricity,Resolved,P10023,18523,11-12-2025,Pending
B2,Harmony Residency,343,2,2BHK,O1024,Ramesh Gupta,T1024,Anand Krishnan,19489,E113,C1024,Fan not working in bedroom,Electricity,Resolved,P10024,19489,07-12-2025,Paid
B7,Crystal View,372,4,2BHK,O1025,Sanjana Bhat,T1025,Akshay Nair,19232,E116,C1025,Housekeeping skipped common corridor,Housekeeping,Resolved,P10025,19232,05-12-2025,Paid
B4,Lakeview Towers,160,5,3BHK,O1026,Deepa Rao,T1026,Abha Verma,28441,E102,C1026,Fan not working in bedroom,Electricity,In Progress,P10026,28441,08-12-2025,Paid
B1,Maple Heights,621,1,1BHK,O1027,Keshav Joshi,T1027,Sneha Menon,11780,E108,C1027,Leaking faucet in second bathroom,Plumbing,Resolved,P10027,11780,10-12-2025,Paid
B1,Maple Heights,184,4,3BHK,O1028,Vikram Singh,T1028,Roshni Pandey,28781,E111,C1028,Water heater not heating enough,Electricity,Resolved,P10028,28781,11-12-2025,Overdue
B4,Lakeview Towers,372,4,1BHK,O1029,Meera Ghosh,T1029,Abha Verma,12728,E103,C1029,Water leakage in kitchen sink,Plumbing,Pending,P10029,12728,10-12-2025,Paid
B2,Harmony Residency,651,2,3BHK,O1030,Ajay Desai,T1030,Monica Bhosale,26172,E103,C1030,Utensil rack area not cleaned properly,Housekeeping,Pending,P10030,26172,05-12-2025,Paid
B3,Sunrise Enclave,549,5,3BHK,O1031,Lavanya Menon,T1031,Swati Gupta,26478,E117,C1031,Water leakage in kitchen sink,Plumbing,In Progress,P10031,26478,09-12-2025,Pending
B2,Harmony Residency,238,3,1BHK,O1032,Sanjana Bhat,T1032,Nisha Kaur,11938,E109,C1032,Foul smell in water during mornings,Water,In Progress,P10032,11938,04-12-2025,Paid
B6,Silver Oaks,309,6,3BHK,O1033,Ashok Kumar,T1033,Shreya Kulkarni,26162,E109,C1033,Fan not working in bedroom,Electricity,Resolved,P10033,26162,11-12-2025,Overdue
B5,Green Meadows,146,1,2BHK,O1034,Alok Pandey,T1034,Pradeep Singh,18035,E115,C1034,Ceiling leak near water tank,Plumbing,In Progress,P10034,18035,07-12-2025,Paid
B2,Harmony Residency,178,6,1BHK,O1035,Vikram Patel,T1035,Shruti Menon,13734,E119,C1035,Ceiling leak near water tank,Plumbing,Resolved,P10035,13734,07-12-2025,Paid
B1,Maple Heights,416,3,1BHK,O1036,Meghna Iyer,T1036,Isha Prabhu,12965,E108,C1036,Floor not mopped properly,Housekeeping,Resolved,P10036,12965,06-12-2025,Pending
B3,Sunrise Enclave,343,2,1BHK,O1037,Asha Reddy,T1037,Rohini Rao,13188,E111,C1037,Sweeper absent,Housekeeping,Pending,P10037,13188,11-12-2025,Pending
B5,Green Meadows,264,6,1BHK,O1038,Vikram Patel,T1038,Varun Pillai,13066,E108,C1038,No housekeeping staff this week,Housekeeping,Pending,P10038,13066,06-12-2025,Pending
B4,Lakeview Towers,329,1,3BHK,O1039,Anita Sinha,T1039,Kunal Joshi,25582,E109,C1039,Drain clogging in utility area,Plumbing,Pending,P10039,25582,06-12-2025,Pending
B6,Silver Oaks,129,1,2BHK,O1040,Neelam Rao,T1040,Sagar Das,18231,E102,C1040,Hall light flickering frequently,Electricity,In Progress,P10040,18231,07-12-2025,Pending
B6,Silver Oaks,547,5,3BHK,O1041,Poornima Dey,T1041,Arjun Tiwari,24947,E107,C1041,Water heater not heating enough,Electricity,Resolved,P10041,24947,07-12-2025,Paid
B4,Lakeview Towers,473,4,1BHK,O1042,Lavanya Menon,T1042,Abha Verma,12852,E104,C1042,Dust on balcony after cleaning,Housekeeping,Pending,P10042,12852,09-12-2025,Pending
B7,Crystal View,435,4,3BHK,O1043,Sanjana Bhat,T1043,Meera D'Souza,26422,E107,C1043,Power backup not working,Electricity,In Progress,P10043,26422,07-12-2025,Paid
B5,Green Meadows,516,5,1BHK,O1044,Seema Tiwari,T1044,Anand Krishnan,12744,E114,C1044,Sweeper absent,Housekeeping,In Progress,P10044,12744,10-12-2025,Pending
B8,Riverside Park,553,4,3BHK,O1045,Ashok Kumar,T1045,Varun Pillai,25750,E106,C1045,Floor not mopped properly,Housekeeping,Resolved,P10045,25750,05-12-2025,Paid
B6,Silver Oaks,196,2,3BHK,O1046,Amita Panicker,T1046,Charan Bhat,26542,E105,C1046,Electric socket sparking near bed,Electricity,Resolved,P10046,26542,04-12-2025,Paid
B8,Riverside Park,175,4,2BHK,O1047,Niranjan Gupta,T1047,Rohan Sethi,19857,E113,C1047,Bathroom tap handle broken,Plumbing,Pending,P10047,19857,04-12-2025,Paid
B3,Sunrise Enclave,106,1,2BHK,O1048,Kiran Joshi,T1048,Rohan Sethi,18396,E117,C1048,Drain smell from kitchen,Plumbing,Resolved,P10048,18396,09-12-2025,Paid
B2,Harmony Residency,568,2,2BHK,O1049,Sanjana Bhat,T1049,Nikhil Rao,19675,E111,C1049,Light switch loose,Electricity,Pending,P10049,19675,10-12-2025,Pending
B8,Riverside Park,263,6,2BHK,O1050,Alok Pandey,T1050,Neeta Sharma,19343,E109,C1050,Metallic taste in water,Water,In Progress,P10050,19343,08-12-2025,Paid
B5,Green Meadows,551,1,3BHK,O1051,Ravi Kulkarni,T1051,Pooja Pillai,26340,E111,C1051,Noisy fan in kitchen,Electricity,In Progress,P10051,26340,02-12-2025,Paid
B3,Sunrise Enclave,255,2,2BHK,O1052,Meghna Iyer,T1052,Sneha Menon,18125,E114,C1052,Power backup not working,Electricity,Pending,P10052,18125,09-12-2025,Pending
B7,Crystal View,164,2,2BHK,O1053,Neelam Rao,T1053,Rohan Sethi,19095,E101,C1053,Light switch loose,Electricity,In Progress,P10053,19095,07-12-2025,Pending
B1,Maple Heights,461,3,2BHK,O1054,Nitin Desai,T1054,Kabir Sinha,19216,E120,C1054,Low voltage in living room circuit,Electricity,Pending,P10054,19216,04-12-2025,Paid
B5,Green Meadows,547,4,1BHK,O1055,Haritha Singh,T1055,Akshay Nair,13092,E113,C1055,Dust on balcony after cleaning,Housekeeping,Resolved,P10055,13092,08-12-2025,Paid
B1,Maple Heights,504,5,3BHK,O1056,Asha Reddy,T1056,Anjali Jain,29431,E114,C1056,Toilet flush not working properly,Plumbing,Pending,P10056,29431,03-12-2025,Paid
B1,Maple Heights,367,4,2BHK,O1057,Meera Ghosh,T1057,Abha Verma,18366,E111,C1057,Light switch loose,Electricity,Pending,P10057,18366,05-12-2025,Paid
B7,Crystal View,359,1,2BHK,O1058,Nitin Desai,T1058,Kiran Kumar,17579,E112,C1058,Low voltage in living room circuit,Electricity,In Progress,P10058,17579,02-12-2025,Paid
B1,Maple Heights,132,2,1BHK,O1059,Lavanya Menon,T1059,Nisha Kaur,11583,E108,C1059,Toilet flush not working properly,Plumbing,Pending,P10059,11583,11-12-2025,Pending
B4,Lakeview Towers,577,6,2BHK,O1060,Sunita Nambiar,T1060,Nikhil Rao,19010,E120,C1060,Sink trap jammed,Plumbing,In Progress,P10060,19010,02-12-2025,Paid
B3,Sunrise Enclave,419,1,3BHK,O1061,Arun Soni,T1061,Arjun Tiwari,24210,E113,C1061,Leaking faucet in second bathroom,Plumbing,In Progress,P10061,24210,04-12-2025,Paid
B2,Harmony Residency,349,1,3BHK,O1062,Keshav Joshi,T1062,Raj Malhotra,26470,E119,C1062,Sweeper absent,Housekeeping,Resolved,P10062,26470,06-12-2025,Pending
B6,Silver Oaks,171,5,3BHK,O1063,Rajesh Mehta,T1063,Divya Patel,26795,E116,C1063,Hall light flickering frequently,Electricity,Pending,P10063,26795,06-12-2025,Pending
B3,Sunrise Enclave,546,2,3BHK,O1064,Mahesh Pai,T1064,Zara Khan,28274,E118,C1064,Metallic taste in water,Water,Pending,P10064,28274,08-12-2025,Pending
B5,Green Meadows,431,2,1BHK,O1065,Vinod Raju,T1065,Neeta Sharma,12642,E115,C1065,Brown water from tap,Water,In Progress,P10065,12642,11-12-2025,Overdue
B6,Silver Oaks,130,4,2BHK,O1066,Priya Kapoor,T1066,Anand Krishnan,18244,E112,C1066,Water heater not heating enough,Electricity,Pending,P10066,18244,05-12-2025,Paid
B5,Green Meadows,670,1,3BHK,O1067,Preeti Shetty,T1067,Neeta Sharma,25565,E114,C1067,Bathroom tap handle broken,Plumbing,In Progress,P10067,25565,04-12-2025,Paid
B8,Riverside Park,603,4,1BHK,O1068,Seema Tiwari,T1068,Deepak Rao,11881,E113,C1068,Electrical panel buzzing,Electricity,Resolved,P10068,11881,05-12-2025,Paid
B6,Silver Oaks,585,5,3BHK,O1069,Deepak Thomas,T1069,Tara Khanna,26816,E111,C1069,Tap water muddy after rain,Water,In Progress,P10069,26816,08-12-2025,Pending
B5,Green Meadows,358,2,1BHK,O1070,Santosh Hegde,T1070,Raj Malhotra,12288,E118,C1070,Light switch loose,Electricity,In Progress,P10070,12288,03-12-2025,Paid
B4,Lakeview Towers,322,6,2BHK,O1071,Neelam Rao,T1071,Roshni Pandey,18632,E120,C1071,Foul smell in water during mornings,Water,Resolved,P10071,18632,04-12-2025,Paid
B5,Green Meadows,333,3,1BHK,O1072,Rajesh Mehta,T1072,Kabir Sinha,12738,E105,C1072,Toilet flush stuck in master bathroom,Plumbing,Resolved,P10072,12738,01-12-2025,Paid
B5,Green Meadows,230,6,2BHK,O1073,Rajesh Mehta,T1073,Arjun Tiwari,17920,E110,C1073,Geyser not starting in morning,Electricity,Pending,P10073,17920,08-12-2025,Pending
B3,Sunrise Enclave,153,3,2BHK,O1074,Harish Bhat,T1074,Manoj Shetty,17967,E116,C1074,Drain clogging in utility area,Plumbing,In Progress,P10074,17967,11-12-2025,Pending
B3,Sunrise Enclave,253,5,2BHK,O1075,Ravi Kulkarni,T1075,Raj Malhotra,17848,E118,C1075,Light switch loose,Electricity,Pending,P10075,17848,10-12-2025,Paid
B7,Crystal View,562,4,2BHK,O1076,Deepak Thomas,T1076,Devika Krishnan,19910,E119,C1076,Pipe vibrating during water flow,Plumbing,Resolved,P10076,19910,10-12-2025,Paid
B4,Lakeview Towers,317,3,3BHK,O1077,Sunita Nambiar,T1077,Neeta Sharma,24665,E106,C1077,Ceiling leak near water tank,Plumbing,Resolved,P10077,24665,03-12-2025,Paid
B1,Maple Heights,519,4,3BHK,O1078,Ramesh Gupta,T1078,Abhinav Gupta,28864,E102,C1078,Low voltage in living room circuit,Electricity,Pending,P10078,28864,05-12-2025,Paid
B8,Riverside Park,173,6,1BHK,O1079,Neelam Rao,T1079,Akshay Nair,12583,E107,C1079,Common area dirty post rain,Housekeeping,Resolved,P10079,12583,09-12-2025,Paid
B3,Sunrise Enclave,373,2,1BHK,O1080,Sunita Nambiar,T1080,Devika Krishnan,11744,E120,C1080,Sink trap jammed,Plumbing,In Progress,P10080,11744,05-12-2025,Paid
B8,Riverside Park,228,4,3BHK,O1081,Anita Sinha,T1081,Pooja Pillai,26491,E117,C1081,Mop left in corridor,Housekeeping,Pending,P10081,26491,08-12-2025,Paid
B1,Maple Heights,543,6,2BHK,O1082,Alok Pandey,T1082,Neha Kapoor,19972,E103,C1082,Low voltage in living room circuit,Electricity,In Progress,P10082,19972,10-12-2025,Paid
B5,Green Meadows,691,1,1BHK,O1083,Divya Sharma,T1083,Swati Gupta,13427,E115,C1083,Toilet flush stuck in master bathroom,Plumbing,Resolved,P10083,13427,10-12-2025,Pending
B8,Riverside Park,194,4,2BHK,O1084,Haritha Singh,T1084,Abha Verma,19172,E104,C1084,Kitchen sink pipe leaking slightly,Plumbing,Pending,P10084,19172,07-12-2025,Pending
B5,Green Meadows,511,5,1BHK,O1085,Preeti Shetty,T1085,Abha Verma,13362,E109,C1085,Noisy fan in kitchen,Electricity,Resolved,P10085,13362,07-12-2025,Paid
B8,Riverside Park,524,1,1BHK,O1086,Prakash Rao,T1086,Zara Khan,13623,E116,C1086,Power socket smoking,Electricity,Pending,P10086,13623,01-12-2025,Paid
B4,Lakeview Towers,374,5,1BHK,O1087,Vinod Raju,T1087,Rohan Sethi,12679,E116,C1087,Rusty water from bathroom tap,Water,Resolved,P10087,12679,11-12-2025,Pending
B3,Sunrise Enclave,419,5,1BHK,O1088,Srikanth Iyer,T1088,Anjali Jain,13762,E108,C1088,Rusty water from bathroom tap,Water,Pending,P10088,13762,02-12-2025,Paid
B3,Sunrise Enclave,611,6,2BHK,O1089,Mahesh Pai,T1089,Divya Patel,19584,E116,C1089,Geyser not starting in morning,Electricity,Resolved,P10089,19584,08-12-2025,Paid
B7,Crystal View,296,5,3BHK,O1090,Harish Bhat,T1090,Pooja Pillai,25118,E114,C1090,Leakage near washing machine outlet,Plumbing,In Progress,P10090,25118,05-12-2025,Paid
B1,Maple Heights,390,6,2BHK,O1091,Neelam Rao,T1091,Akshay Nair,19904,E116,C1091,Housekeeping skipped common corridor,Housekeeping,Pending,P10091,19904,09-12-2025,Pending
B6,Silver Oaks,441,5,3BHK,O1092,Meera Ghosh,T1092,Abha Verma,27090,E107,C1092,Electrical panel buzzing,Electricity,Resolved,P10092,27090,10-12-2025,Pending
B4,Lakeview Towers,521,1,2BHK,O1093,Poornima Dey,T1093,Amit Kaul,19437,E105,C1093,Bathroom tap handle broken,Plumbing,Resolved,P10093,19437,03-12-2025,Paid
B6,Silver Oaks,203,4,1BHK,O1094,Meera Ghosh,T1094,Arvind Nair,13654,E105,C1094,Power backup not working,Electricity,In Progress,P10094,13654,03-12-2025,Paid
B2,Harmony Residency,581,3,2BHK,O1095,Preeti Shetty,T1095,Kunal Joshi,19128,E118,C1095,Switch socket cracked in hall,Electricity,Pending,P10095,19128,11-12-2025,Overdue
B1,Maple Heights,171,2,3BHK,O1096,Seema Tiwari,T1096,Deepak Rao,29606,E103,C1096,Common area dirty post rain,Housekeeping,Resolved,P10096,29606,11-12-2025,Pending
B8,Riverside Park,271,6,2BHK,O1097,Vikram Patel,T1097,Abha Verma,17618,E102,C1097,Foul smell in water during mornings,Water,Pending,P10097,17618,06-12-2025,Pending
B3,Sunrise Enclave,351,5,2BHK,O1098,Kiran Joshi,T1098,Pradeep Singh,19818,E106,C1098,Cleaning missed by housekeeping staff,Housekeeping,In Progress,P10098,19818,07-12-2025,Paid
B8,Riverside Park,698,2,1BHK,O1099,Alok Pandey,T1099,Sonal Shah,13388,E109,C1099,Floor not mopped properly,Housekeeping,Resolved,P10099,13388,08-12-2025,Pending
B3,Sunrise Enclave,176,4,2BHK,O1100,Arun Soni,T1100,Rehan Hussain,19906,E114,C1100,Electrical panel buzzing,Electricity,Pending,P10100,19906,08-12-2025,Pending
B4,Lakeview Towers,494,4,1BHK,O1101,Poornima Dey,T1101,Arjun Tiwari,12471,E112,C1101,Brown water from tap,Water,Pending,P10101,12471,05-12-2025,Paid
B1,Maple Heights,506,3,1BHK,O1102,Deepa Rao,T1102,Nikhil Rao,13818,E116,C1102,Foul smell in water during mornings,Water,Resolved,P10102,13818,10-12-2025,Pending
B4,Lakeview Towers,295,5,2BHK,O1103,Suresh Krishnan,T1103,Rehan Hussain,18060,E102,C1103,Cleaning incomplete in lobby area,Housekeeping,Pending,P10103,18060,01-12-2025,Paid
B6,Silver Oaks,235,1,2BHK,O1104,Srikanth Iyer,T1104,Rohini Rao,18838,E107,C1104,Toilet flush not working properly,Plumbing,In Progress,P10104,18838,06-12-2025,Pending
B3,Sunrise Enclave,364,4,2BHK,O1105,Leela Pillai,T1105,Sonal Shah,18887,E103,C1105,Housekeeping skipped common corridor,Housekeeping,Resolved,P10105,18887,11-12-2025,Overdue
B6,Silver Oaks,193,4,1BHK,O1106,Nitin Desai,T1106,Raj Malhotra,12583,E115,C1106,Garbage not collected today,Housekeeping,In Progress,P10106,12583,11-12-2025,Overdue
B7,Crystal View,481,1,3BHK,O1107,Ramesh Gupta,T1107,Neha Kapoor,25915,E120,C1107,Ceiling leak near water tank,Plumbing,Pending,P10107,25915,10-12-2025,Paid
B2,Harmony Residency,576,6,2BHK,O1108,Leela Pillai,T1108,Meera D'Souza,19172,E102,C1108,Low water pressure in bathrooms,Water,Pending,P10108,19172,08-12-2025,Paid
B2,Harmony Residency,341,5,1BHK,O1109,Meera Ghosh,T1109,Shruti Menon,13091,E118,C1109,Power backup not working,Electricity,In Progress,P10109,13091,03-12-2025,Paid
B7,Crystal View,202,4,3BHK,O1110,Mahesh Pai,T1110,Rohit Sharma,27343,E112,C1110,Water dripping from ceiling after rain,Plumbing,Pending,P10110,27343,08-12-2025,Paid
B6,Silver Oaks,202,6,2BHK,O1111,Naresh Jain,T1111,Kiran Kumar,19730,E113,C1111,Toilet flush stuck in master bathroom,Plumbing,Resolved,P10111,19730,02-12-2025,Paid
B8,Riverside Park,194,6,1BHK,O1112,Asha Reddy,T1112,Kiran Kumar,13945,E111,C1112,Utensil rack area not cleaned properly,Housekeeping,Resolved,P10112,13945,10-12-2025,Paid
B2,Harmony Residency,668,2,3BHK,O1113,Amita Panicker,T1113,Kunal Joshi,25769,E105,C1113,Sweeper absent,Housekeeping,In Progress,P10113,25769,01-12-2025,Paid
B5,Green Meadows,249,2,3BHK,O1114,Kiran Joshi,T1114,Raj Malhotra,26053,E101,C1114,Toilet flush not working properly,Plumbing,Resolved,P10114,26053,06-12-2025,Paid
B6,Silver Oaks,117,2,2BHK,O1115,Ajay Desai,T1115,Divya Patel,17714,E117,C1115,Rusty water from bathroom tap,Water,In Progress,P10115,17714,02-12-2025,Paid
B8,Riverside Park,560,3,3BHK,O1116,Suresh Krishnan,T1116,Abhishek Banerjee,28863,E117,C1116,Low voltage in living room circuit,Electricity,In Progress,P10116,28863,01-12-2025,Paid
B5,Green Meadows,570,6,1BHK,O1117,Ramesh Gupta,T1117,Manoj Shetty,11749,E114,C1117,Shower head clogged,Plumbing,Resolved,P10117,11749,08-12-2025,Pending
B2,Harmony Residency,183,3,3BHK,O1118,Harish Bhat,T1118,Meera D'Souza,25215,E109,C1118,Pipe vibrating during water flow,Plumbing,In Progress,P10118,25215,10-12-2025,Pending
B7,Crystal View,644,3,2BHK,O1119,Keshav Joshi,T1119,Meenal Bhat,19570,E104,C1119,Sweeper absent,Housekeeping,In Progress,P10119,19570,02-12-2025,Paid
B4,Lakeview Towers,541,4,1BHK,O1120,Haritha Singh,T1120,Sonal Shah,13194,E113,C1120,Power backup not working,Electricity,In Progress,P10120,13194,02-12-2025,Paid
B6,Silver Oaks,538,3,3BHK,O1121,Prakash Rao,T1121,Nisha Kaur,26088,E116,C1121,Drain clogging in utility area,Plumbing,Resolved,P10121,26088,02-12-2025,Paid
B2,Harmony Residency,543,1,3BHK,O1122,Ajay Desai,T1122,Tara Khanna,27052,E102,C1122,Fan regulator broken,Electricity,In Progress,P10122,27052,09-12-2025,Pending
B2,Harmony Residency,521,3,3BHK,O1123,Deepa Rao,T1123,Abhinav Gupta,27464,E120,C1123,Cleaning incomplete in lobby area,Housekeeping,Pending,P10123,27464,02-12-2025,Paid
B4,Lakeview Towers,259,6,2BHK,O1124,Suresh Krishnan,T1124,Monica Bhosale,18418,E118,C1124,Garbage not collected today,Housekeeping,Resolved,P10124,18418,05-12-2025,Paid
B4,Lakeview Towers,540,5,3BHK,O1125,Sanjana Bhat,T1125,Neha Kapoor,29026,E120,C1125,Floor not mopped properly,Housekeeping,In Progress,P10125,29026,05-12-2025,Paid
B1,Maple Heights,285,3,3BHK,O1126,Haritha Singh,T1126,Monica Bhosale,26531,E101,C1126,Power tripped during evening,Electricity,Resolved,P10126,26531,10-12-2025,Pending
B2,Harmony Residency,246,6,3BHK,O1127,Preeti Shetty,T1127,Roshni Pandey,24251,E107,C1127,Switch socket cracked in hall,Electricity,Pending,P10127,24251,08-12-2025,Pending
B3,Sunrise Enclave,479,3,3BHK,O1128,Vikram Singh,T1128,Nikhil Rao,26657,E103,C1128,Fan not working in bedroom,Electricity,Resolved,P10128,26657,03-12-2025,Paid
B1,Maple Heights,184,3,2BHK,O1129,Priya Kapoor,T1129,Nikhil Rao,19236,E115,C1129,Power backup not working,Electricity,Pending,P10129,19236,04-12-2025,Paid
B2,Harmony Residency,454,4,1BHK,O1130,Neelam Rao,T1130,Shreya Kulkarni,12660,E117,C1130,Floor not mopped properly,Housekeeping,Pending,P10130,12660,01-12-2025,Paid
B4,Lakeview Towers,505,5,1BHK,O1131,Meghna Iyer,T1131,Devika Krishnan,11531,E107,C1131,Metallic taste in water,Water,Resolved,P10131,11531,05-12-2025,Paid
B5,Green Meadows,436,1,1BHK,O1132,Deepak Thomas,T1132,Rohini Rao,13537,E105,C1132,Switch socket cracked in hall,Electricity,In Progress,P10132,13537,04-12-2025,Paid
B6,Silver Oaks,174,4,3BHK,O1133,Deepak Thomas,T1133,Neha Kapoor,24346,E115,C1133,Drain clogging in utility area,Plumbing,Pending,P10133,24346,10-12-2025,Pending
B7,Crystal View,528,3,1BHK,O1134,Asha Reddy,T1134,Abha Verma,13159,E106,C1134,Pipe vibrating during water flow,Plumbing,Pending,P10134,13159,06-12-2025,Paid
B7,Crystal View,209,2,2BHK,O1135,Anita Sinha,T1135,Roshni Pandey,19912,E103,C1135,Leaking faucet in second bathroom,Plumbing,Pending,P10135,19912,06-12-2025,Paid
B6,Silver Oaks,273,1,3BHK,O1136,Leela Pillai,T1136,Roshni Pandey,29187,E117,C1136,No housekeeping staff this week,Housekeeping,Pending,P10136,29187,06-12-2025,Paid
B4,Lakeview Towers,206,2,2BHK,O1137,Kiran Joshi,T1137,Nikhil Rao,18308,E105,C1137,Light switch loose,Electricity,In Progress,P10137,18308,02-12-2025,Paid
B3,Sunrise Enclave,606,4,3BHK,O1138,Vinod Raju,T1138,Isha Prabhu,28747,E119,C1138,Water tank overflow,Water,In Progress,P10138,28747,10-12-2025,Pending
B6,Silver Oaks,255,4,1BHK,O1139,Vinod Raju,T1139,Rehan Hussain,13420,E110,C1139,Sweeper absent,Housekeeping,Pending,P10139,13420,10-12-2025,Paid
B6,Silver Oaks,620,1,2BHK,O1140,Vinod Raju,T1140,Rohit Sharma,19391,E102,C1140,Garbage not collected today,Housekeeping,Pending,P10140,19391,02-12-2025,Paid
B2,Harmony Residency,620,4,2BHK,O1141,Sanjana Bhat,T1141,Rohit Sharma,19877,E115,C1141,Brown water from tap,Water,In Progress,P10141,19877,04-12-2025,Paid
B6,Silver Oaks,588,5,1BHK,O1142,Vinod Raju,T1142,Vivek Iyer,11753,E111,C1142,Water supply delayed,Water,Resolved,P10142,11753,09-12-2025,Paid
B1,Maple Heights,354,6,2BHK,O1143,Divya Sharma,T1143,Roshni Pandey,19299,E120,C1143,Kitchen sink pipe leaking slightly,Plumbing,Pending,P10143,19299,06-12-2025,Pending
B7,Crystal View,519,3,3BHK,O1144,Deepa Rao,T1144,Rehan Hussain,28897,E111,C1144,Drain clogging in utility area,Plumbing,Pending,P10144,28897,02-12-2025,Paid
B7,Crystal View,391,3,3BHK,O1145,Keshav Joshi,T1145,Nisha Kaur,29378,E111,C1145,Cleaning missed by housekeeping staff,Housekeeping,In Progress,P10145,29378,11-12-2025,Pending
B6,Silver Oaks,418,6,3BHK,O1146,Anita Sinha,T1146,Meera D'Souza,29424,E120,C1146,Water supply delayed,Water,Resolved,P10146,29424,05-12-2025,Paid
B7,Crystal View,437,2,3BHK,O1147,Divya Sharma,T1147,Anjali Jain,29757,E114,C1147,Water filter needs replacement,Water,Pending,P10147,29757,01-12-2025,Paid
B6,Silver Oaks,417,2,1BHK,O1148,Priya Kapoor,T1148,Charan Bhat,12899,E108,C1148,Toilet flush not working properly,Plumbing,Resolved,P10148,12899,02-12-2025,Paid
B5,Green Meadows,204,5,3BHK,O1149,Vikram Patel,T1149,Akshay Nair,28313,E111,C1149,Metallic taste in water,Water,In Progress,P10149,28313,03-12-2025,Paid
B7,Crystal View,258,2,1BHK,O1150,Vinod Raju,T1150,Rohit Sharma,12178,E114,C1150,Garbage not collected today,Housekeeping,In Progress,P10150,12178,04-12-2025,Paid
B8,Riverside Park,392,6,2BHK,O1151,Nitin Desai,T1151,Neeta Sharma,18458,E110,C1151,Sweeper absent,Housekeeping,Pending,P10151,18458,04-12-2025,Paid
B6,Silver Oaks,685,4,2BHK,O1152,Poornima Dey,T1152,Aditya Verma,18654,E117,C1152,Power backup not working,Electricity,Resolved,P10152,18654,04-12-2025,Paid
B3,Sunrise Enclave,357,1,3BHK,O1153,Prakash Rao,T1153,Tara Khanna,27936,E104,C1153,Water supply delayed,Water,In Progress,P10153,27936,02-12-2025,Paid
B5,Green Meadows,186,2,2BHK,O1154,Ashok Kumar,T1154,Nisha Kaur,19340,E114,C1154,Cleaning missed by housekeeping staff,Housekeeping,Resolved,P10154,19340,08-12-2025,Pending
B1,Maple Heights,525,1,2BHK,O1155,Prakash Rao,T1155,Neeta Sharma,19556,E113,C1155,Cleaning missed by housekeeping staff,Housekeeping,Pending,P10155,19556,04-12-2025,Paid
B1,Maple Heights,427,1,3BHK,O1156,Haritha Singh,T1156,Nisha Kaur,29324,E105,C1156,Low water pressure in bathrooms,Water,Pending,P10156,29324,08-12-2025,Paid
B8,Riverside Park,560,5,1BHK,O1157,Asha Reddy,T1157,Sagar Das,11824,E107,C1157,Housekeeping skipped common corridor,Housekeeping,In Progress,P10157,11824,10-12-2025,Pending
B2,Harmony Residency,396,2,2BHK,O1158,Deepa Rao,T1158,Neeta Sharma,17999,E114,C1158,Power socket smoking,Electricity,In Progress,P10158,17999,08-12-2025,Paid
B2,Harmony Residency,612,5,3BHK,O1159,Ashok Kumar,T1159,Arjun Tiwari,24134,E108,C1159,Water supply delayed,Water,Resolved,P10159,24134,05-12-2025,Paid
B7,Crystal View,102,5,2BHK,O1160,Vikram Singh,T1160,Divya Patel,18485,E106,C1160,Floor not mopped properly,Housekeeping,In Progress,P10160,18485,02-12-2025,Paid
B6,Silver Oaks,170,5,3BHK,O1161,Ashok Kumar,T1161,Tara Khanna,28156,E101,C1161,Switch socket cracked in hall,Electricity,Pending,P10161,28156,01-12-2025,Paid
B7,Crystal View,483,3,3BHK,O1162,Naresh Jain,T1162,Sneha Menon,24133,E112,C1162,Utensil rack area not cleaned properly,Housekeeping,In Progress,P10162,24133,11-12-2025,Pending
B6,Silver Oaks,237,1,2BHK,O1163,Haritha Singh,T1163,Swati Gupta,19736,E106,C1163,Metallic taste in water,Water,In Progress,P10163,19736,08-12-2025,Pending
B3,Sunrise Enclave,239,1,3BHK,O1164,Vikram Patel,T1164,Abhinav Gupta,27749,E107,C1164,Low water pressure in bathrooms,Water,Resolved,P10164,27749,01-12-2025,Paid
B6,Silver Oaks,418,5,2BHK,O1165,Ramesh Gupta,T1165,Sagar Das,19724,E102,C1165,Light switch loose,Electricity,In Progress,P10165,19724,04-12-2025,Paid
B5,Green Meadows,466,1,3BHK,O1166,Mahesh Pai,T1166,Raj Malhotra,26719,E112,C1166,Common area dirty post rain,Housekeeping,Pending,P10166,26719,08-12-2025,Pending
B6,Silver Oaks,292,4,3BHK,O1167,Prakash Rao,T1167,Roshni Pandey,28075,E109,C1167,Cleaning missed by housekeeping staff,Housekeeping,In Progress,P10167,28075,07-12-2025,Paid
B7,Crystal View,285,5,2BHK,O1168,Suresh Krishnan,T1168,Anjali Jain,18815,E111,C1168,Floor not mopped properly,Housekeeping,Pending,P10168,18815,05-12-2025,Paid
B8,Riverside Park,537,2,3BHK,O1169,Naresh Jain,T1169,Abhishek Banerjee,27636,E102,C1169,Dust on balcony after cleaning,Housekeeping,Pending,P10169,27636,10-12-2025,Pending
B5,Green Meadows,159,1,3BHK,O1170,Anita Sinha,T1170,Shruti Menon,29222,E117,C1170,Sink trap jammed,Plumbing,In Progress,P10170,29222,03-12-2025,Paid
B1,Maple Heights,247,5,3BHK,O1171,Vikram Patel,T1171,Meera D'Souza,27589,E103,C1171,Utensil rack area not cleaned properly,Housekeeping,In Progress,P10171,27589,06-12-2025,Pending
B7,Crystal View,681,1,3BHK,O1172,Vinod Raju,T1172,Shruti Menon,25256,E112,C1172,Water seepage from terrace,Water,Resolved,P10172,25256,10-12-2025,Paid
B6,Silver Oaks,508,3,3BHK,O1173,Ravi Kulkarni,T1173,Raj Malhotra,26283,E101,C1173,Sink trap jammed,Plumbing,Resolved,P10173,26283,08-12-2025,Pending
B2,Harmony Residency,369,3,3BHK,O1174,Meghna Iyer,T1174,Zara Khan,27655,E110,C1174,Electrical panel buzzing,Electricity,Pending,P10174,27655,04-12-2025,Paid
B2,Harmony Residency,239,1,2BHK,O1175,Vinod Raju,T1175,Anjali Jain,18207,E111,C1175,Floor not mopped properly,Housekeeping,Pending,P10175,18207,02-12-2025,Paid
B5,Green Meadows,408,2,3BHK,O1176,Kiran Joshi,T1176,Shruti Menon,29812,E117,C1176,Low voltage in living room circuit,Electricity,Resolved,P10176,29812,04-12-2025,Paid
B3,Sunrise Enclave,343,4,1BHK,O1177,Sanjana Bhat,T1177,Arjun Tiwari,12978,E112,C1177,Drain smell from kitchen,Plumbing,In Progress,P10177,12978,03-12-2025,Paid
B2,Harmony Residency,168,3,2BHK,O1178,Divya Sharma,T1178,Divya Patel,19460,E114,C1178,Brown water from tap,Water,Resolved,P10178,19460,03-12-2025,Paid
B6,Silver Oaks,176,4,2BHK,O1179,Naresh Jain,T1179,Meera D'Souza,19619,E118,C1179,Power socket smoking,Electricity,In Progress,P10179,19619,03-12-2025,Paid
B3,Sunrise Enclave,544,5,1BHK,O1180,Divya Sharma,T1180,Nisha Kaur,12008,E110,C1180,Kitchen sink pipe leaking slightly,Plumbing,Resolved,P10180,12008,06-12-2025,Paid
B6,Silver Oaks,632,3,1BHK,O1181,Niranjan Gupta,T1181,Rehan Hussain,12526,E118,C1181,Toilet flush stuck in master bathroom,Plumbing,Resolved,P10181,12526,11-12-2025,Overdue
B2,Harmony Residency,615,6,1BHK,O1182,Neelam Rao,T1182,Nisha Kaur,13924,E106,C1182,Floor not mopped properly,Housekeeping,In Progress,P10182,13924,10-12-2025,Pending
B1,Maple Heights,130,1,1BHK,O1183,Alok Pandey,T1183,Swati Gupta,13862,E107,C1183,Metallic taste in water,Water,In Progress,P10183,13862,07-12-2025,Paid
B8,Riverside Park,659,3,3BHK,O1184,Ramesh Gupta,T1184,Neeta Sharma,26474,E113,C1184,Cleaning incomplete in lobby area,Housekeeping,Pending,P10184,26474,02-12-2025,Paid
B1,Maple Heights,262,4,2BHK,O1185,Meera Ghosh,T1185,Anand Krishnan,19483,E111,C1185,Overflowing garbage bin,Housekeeping,Resolved,P10185,19483,06-12-2025,Pending
B6,Silver Oaks,509,2,2BHK,O1186,Sanjana Bhat,T1186,Vivek Iyer,19609,E111,C1186,Utensil rack area not cleaned properly,Housekeeping,Pending,P10186,19609,02-12-2025,Paid
B5,Green Meadows,561,2,1BHK,O1187,Deepa Rao,T1187,Abhinav Gupta,11896,E113,C1187,Pipe vibrating during water flow,Plumbing,Pending,P10187,11896,04-12-2025,Paid
B3,Sunrise Enclave,436,5,3BHK,O1188,Niranjan Gupta,T1188,Pradeep Singh,26561,E116,C1188,Water filter needs replacement,Water,Pending,P10188,26561,08-12-2025,Pending
B8,Riverside Park,124,1,2BHK,O1189,Meera Ghosh,T1189,Neeta Sharma,19570,E107,C1189,Fan regulator broken,Electricity,Pending,P10189,19570,01-12-2025,Paid
B1,Maple Heights,389,4,3BHK,O1190,Ramesh Gupta,T1190,Abhinav Gupta,29359,E118,C1190,Water leakage in kitchen sink,Plumbing,Resolved,P10190,29359,07-12-2025,Paid
B5,Green Meadows,475,4,2BHK,O1191,Anita Sinha,T1191,Kiran Kumar,17685,E119,C1191,Ceiling leak near water tank,Plumbing,Resolved,P10191,17685,06-12-2025,Pending
B2,Harmony Residency,496,5,2BHK,O1192,Mahesh Pai,T1192,Zara Khan,19752,E120,C1192,Rusty water from bathroom tap,Water,Resolved,P10192,19752,02-12-2025,Paid
B7,Crystal View,483,3,3BHK,O1193,Anand Prabhu,T1193,Charan Bhat,26995,E120,C1193,Water filter needs replacement,Water,Pending,P10193,26995,09-12-2025,Paid
B1,Maple Heights,140,2,3BHK,O1194,Ramesh Gupta,T1194,Roshni Pandey,26728,E115,C1194,Housekeeping skipped common corridor,Housekeeping,In Progress,P10194,26728,09-12-2025,Paid
B6,Silver Oaks,427,2,2BHK,O1195,Neelam Rao,T1195,Kunal Joshi,18725,E117,C1195,Water filter needs replacement,Water,In Progress,P10195,18725,08-12-2025,Pending
B8,Riverside Park,118,3,2BHK,O1196,Srikanth Iyer,T1196,Preeti Choudhary,17948,E110,C1196,Sweeper absent,Housekeeping,In Progress,P10196,17948,11-12-2025,Pending
B8,Riverside Park,372,6,3BHK,O1197,Amita Panicker,T1197,Kiran Kumar,28731,E119,C1197,Geyser not starting in morning,Electricity,Resolved,P10197,28731,09-12-2025,Pending
B3,Sunrise Enclave,349,1,3BHK,O1198,Leela Pillai,T1198,Charan Bhat,29738,E101,C1198,Water seepage from terrace,Water,Pending,P10198,29738,07-12-2025,Paid
B7,Crystal View,309,4,3BHK,O1199,Ramesh Gupta,T1199,Kiran Kumar,29009,E105,C1199,Light bulbs in corridor fused,Electricity,Resolved,P10199,29009,09-12-2025,Pending
B8,Riverside Park,639,4,2BHK,O1200,Meera Ghosh,T1200,Kabir Sinha,18209,E111,C1200,Mop left in corridor,Housekeeping,Pending,P10200,18209,11-12-2025,Overdue
B8,Riverside Park,297,2,2BHK,O1201,Arun Soni,T1201,Deepak Rao,19785,E110,C1201,Metallic taste in water,Water,Pending,P10201,19785,04-12-2025,Paid
B8,Riverside Park,425,4,2BHK,O1202,Mahesh Pai,T1202,Abhinav Gupta,19795,E104,C1202,Brown water from tap,Water,In Progress,P10202,19795,09-12-2025,Pending
B7,Crystal View,454,2,2BHK,O1203,Seema Tiwari,T1203,Anjali Jain,17672,E112,C1203,Water seepage from terrace,Water,In Progress,P10203,17672,05-12-2025,Paid
B8,Riverside Park,320,2,3BHK,O1204,Sanjana Bhat,T1204,Rohan Sethi,26221,E109,C1204,Toilet flush not working properly,Plumbing,Resolved,P10204,26221,10-12-2025,Paid
B4,Lakeview Towers,152,6,3BHK,O1205,Amita Panicker,T1205,Kiran Kumar,25848,E104,C1205,Power backup not working,Electricity,Pending,P10205,25848,08-12-2025,Paid
B3,Sunrise Enclave,106,5,1BHK,O1206,Ramesh Gupta,T1206,Varun Pillai,13166,E107,C1206,Light switch loose,Electricity,Pending,P10206,13166,06-12-2025,Pending
B1,Maple Heights,192,6,3BHK,O1207,Nitin Desai,T1207,Rohit Sharma,25902,E106,C1207,Power backup not working,Electricity,Resolved,P10207,25902,01-12-2025,Paid
B7,Crystal View,608,2,3BHK,O1208,Vikram Patel,T1208,Arvind Nair,26371,E110,C1208,Brown water from tap,Water,In Progress,P10208,26371,02-12-2025,Paid
B6,Silver Oaks,392,4,3BHK,O1209,Divya Sharma,T1209,Shreya Kulkarni,28450,E105,C1209,Water filter needs replacement,Water,Pending,P10209,28450,05-12-2025,Paid
B4,Lakeview Towers,216,3,1BHK,O1210,Alok Pandey,T1210,Rohini Rao,13379,E101,C1210,Sink trap jammed,Plumbing,Pending,P10210,13379,05-12-2025,Paid
B4,Lakeview Towers,280,5,3BHK,O1211,Deepak Thomas,T1211,Aditya Verma,27321,E111,C1211,Cleaning missed by housekeeping staff,Housekeeping,Pending,P10211,27321,11-12-2025,Pending
B3,Sunrise Enclave,244,4,2BHK,O1212,Rajesh Mehta,T1212,Sagar Das,18516,E113,C1212,Utensil rack area not cleaned properly,Housekeeping,Pending,P10212,18516,05-12-2025,Paid
B6,Silver Oaks,410,5,3BHK,O1213,Rajesh Mehta,T1213,Sagar Das,28693,E112,C1213,Electrical panel buzzing,Electricity,Resolved,P10213,28693,01-12-2025,Paid
B2,Harmony Residency,577,3,1BHK,O1214,Ashok Kumar,T1214,Devika Krishnan,13160,E104,C1214,Power socket smoking,Electricity,Pending,P10214,13160,06-12-2025,Paid
B4,Lakeview Towers,237,4,1BHK,O1215,Keshav Joshi,T1215,Shruti Menon,13363,E114,C1215,Electrical panel buzzing,Electricity,In Progress,P10215,13363,08-12-2025,Paid
B4,Lakeview Towers,184,5,2BHK,O1216,Prakash Rao,T1216,Sneha Menon,19663,E119,C1216,Rusty water from bathroom tap,Water,Resolved,P10216,19663,09-12-2025,Paid
B3,Sunrise Enclave,269,3,3BHK,O1217,Leela Pillai,T1217,Isha Prabhu,27619,E107,C1217,Water supply delayed,Water,In Progress,P10217,27619,08-12-2025,Paid
B8,Riverside Park,157,4,1BHK,O1218,Srikanth Iyer,T1218,Sonal Shah,13602,E119,C1218,Fan not working in bedroom,Electricity,In Progress,P10218,13602,08-12-2025,Pending
B1,Maple Heights,506,3,1BHK,O1219,Neelam Rao,T1219,Sneha Menon,12392,E102,C1219,Common area dirty post rain,Housekeeping,Pending,P10219,12392,02-12-2025,Paid
B1,Maple Heights,171,4,1BHK,O1220,Srikanth Iyer,T1220,Rohini Rao,12675,E105,C1220,Metallic taste in water,Water,In Progress,P10220,12675,11-12-2025,Overdue
B6,Silver Oaks,492,4,2BHK,O1221,Preeti Shetty,T1221,Isha Prabhu,19038,E118,C1221,Toilet flush not working properly,Plumbing,In Progress,P10221,19038,06-12-2025,Paid
B3,Sunrise Enclave,651,4,3BHK,O1222,Amita Panicker,T1222,Arvind Nair,25043,E101,C1222,Cleaning incomplete in lobby area,Housekeeping,Pending,P10222,25043,11-12-2025,Overdue
B7,Crystal View,336,2,2BHK,O1223,Anand Prabhu,T1223,Pooja Pillai,18917,E107,C1223,Dust on balcony after cleaning,Housekeeping,Resolved,P10223,18917,01-12-2025,Paid
B7,Crystal View,117,2,1BHK,O1224,Suresh Krishnan,T1224,Nikhil Rao,11775,E102,C1224,Water seepage from terrace,Water,In Progress,P10224,11775,11-12-2025,Pending
B4,Lakeview Towers,146,4,2BHK,O1225,Nitin Desai,T1225,Anand Krishnan,18459,E102,C1225,Toilet flush not working properly,Plumbing,In Progress,P10225,18459,05-12-2025,Paid
B4,Lakeview Towers,690,3,3BHK,O1226,Santosh Hegde,T1226,Neeta Sharma,28898,E110,C1226,Housekeeping skipped common corridor,Housekeeping,In Progress,P10226,28898,09-12-2025,Paid
B7,Crystal View,408,3,1BHK,O1227,Neelam Rao,T1227,Rohini Rao,13780,E114,C1227,Ceiling leak near water tank,Plumbing,Pending,P10227,13780,01-12-2025,Paid
B6,Silver Oaks,491,5,2BHK,O1228,Srikanth Iyer,T1228,Nisha Kaur,19205,E110,C1228,Switch socket cracked in hall,Electricity,Resolved,P10228,19205,09-12-2025,Pending
B4,Lakeview Towers,331,3,3BHK,O1229,Meera Ghosh,T1229,Kiran Kumar,25182,E118,C1229,Power backup not working,Electricity,Pending,P10229,25182,09-12-2025,Paid
B7,Crystal View,349,3,1BHK,O1230,Preeti Shetty,T1230,Abhishek Banerjee,12852,E112,C1230,Cleaning missed by housekeeping staff,Housekeeping,In Progress,P10230,12852,04-12-2025,Paid
B1,Maple Heights,375,4,3BHK,O1231,Keshav Joshi,T1231,Rohit Sharma,28955,E103,C1231,No housekeeping staff this week,Housekeeping,In Progress,P10231,28955,11-12-2025,Pending
B8,Riverside Park,314,3,2BHK,O1232,Meghna Iyer,T1232,Charan Bhat,17562,E104,C1232,Sink trap jammed,Plumbing,Pending,P10232,17562,04-12-2025,Paid
B4,Lakeview Towers,507,2,3BHK,O1233,Seema Tiwari,T1233,Amit Kaul,26634,E115,C1233,Mop left in corridor,Housekeeping,In Progress,P10233,26634,06-12-2025,Pending
B5,Green Meadows,469,5,2BHK,O1234,Suresh Krishnan,T1234,Varun Pillai,19408,E111,C1234,Water dripping from ceiling after rain,Plumbing,Pending,P10234,19408,06-12-2025,Pending
B1,Maple Heights,677,2,3BHK,O1235,Asha Reddy,T1235,Sagar Das,25195,E118,C1235,Fan regulator broken,Electricity,In Progress,P10235,25195,07-12-2025,Pending
B3,Sunrise Enclave,301,3,1BHK,O1236,Vikram Singh,T1236,Neeta Sharma,13055,E116,C1236,Ceiling leak near water tank,Plumbing,In Progress,P10236,13055,11-12-2025,Overdue
B5,Green Meadows,601,6,3BHK,O1237,Meera Ghosh,T1237,Pradeep Singh,28018,E112,C1237,Kitchen sink pipe leaking slightly,Plumbing,Resolved,P10237,28018,09-12-2025,Pending
B3,Sunrise Enclave,656,6,1BHK,O1238,Vikram Patel,T1238,Sneha Menon,13646,E102,C1238,Light switch loose,Electricity,Resolved,P10238,13646,07-12-2025,Paid
B4,Lakeview Towers,170,6,1BHK,O1239,Meghna Iyer,T1239,Aditya Verma,11537,E115,C1239,Garbage not collected today,Housekeeping,Resolved,P10239,11537,10-12-2025,Pending
B8,Riverside Park,117,1,3BHK,O1240,Srikanth Iyer,T1240,Arvind Nair,28519,E101,C1240,Light bulbs in corridor fused,Electricity,In Progress,P10240,28519,05-12-2025,Paid
B5,Green Meadows,118,5,3BHK,O1241,Deepak Thomas,T1241,Rohini Rao,29521,E104,C1241,Hall light flickering frequently,Electricity,In Progress,P10241,29521,03-12-2025,Paid
B4,Lakeview Towers,297,5,3BHK,O1242,Naresh Jain,T1242,Pooja Pillai,26067,E113,C1242,Cleaning missed by housekeeping staff,Housekeeping,Pending,P10242,26067,07-12-2025,Pending
B4,Lakeview Towers,332,3,3BHK,O1243,Vikram Patel,T1243,Anjali Jain,24660,E113,C1243,Switch socket cracked in hall,Electricity,Pending,P10243,24660,09-12-2025,Pending
B1,Maple Heights,110,6,1BHK,O1244,Priya Kapoor,T1244,Meenal Bhat,11838,E111,C1244,Brown water from tap,Water,Resolved,P10244,11838,09-12-2025,Paid
B4,Lakeview Towers,317,6,3BHK,O1245,Mahesh Pai,T1245,Rohit Sharma,27895,E103,C1245,Shower head clogged,Plumbing,Pending,P10245,27895,09-12-2025,Paid
B3,Sunrise Enclave,423,1,1BHK,O1246,Anand Prabhu,T1246,Manoj Shetty,13904,E103,C1246,Cleaning incomplete in lobby area,Housekeeping,Resolved,P10246,13904,10-12-2025,Paid
B7,Crystal View,654,3,2BHK,O1247,Preeti Shetty,T1247,Aditya Verma,18073,E112,C1247,Fan not working in bedroom,Electricity,Resolved,P10247,18073,07-12-2025,Paid
B2,Harmony Residency,449,5,3BHK,O1248,Anita Sinha,T1248,Abha Verma,28879,E101,C1248,Power socket smoking,Electricity,Pending,P10248,28879,08-12-2025,Pending
B4,Lakeview Towers,465,5,2BHK,O1249,Kiran Joshi,T1249,Isha Prabhu,19268,E119,C1249,Floor not mopped properly,Housekeeping,Pending,P10249,19268,02-12-2025,Paid
B5,Green Meadows,353,6,1BHK,O1250,Mahesh Pai,T1250,Nisha Kaur,11836,E113,C1250,Water supply delayed,Water,In Progress,P10250,11836,03-12-2025,Paid
B7,Crystal View,425,3,1BHK,O1251,Rajesh Mehta,T1251,Devika Krishnan,11874,E115,C1251,Garbage not collected today,Housekeeping,Pending,P10251,11874,02-12-2025,Paid
B3,Sunrise Enclave,190,2,2BHK,O1252,Sanjana Bhat,T1252,Tara Khanna,19338,E117,C1252,Power backup not working,Electricity,Resolved,P10252,19338,01-12-2025,Paid
B2,Harmony Residency,463,5,1BHK,O1253,Keshav Joshi,T1253,Abha Verma,13945,E113,C1253,Water leakage in kitchen sink,Plumbing,Pending,P10253,13945,07-12-2025,Pending
B2,Harmony Residency,673,2,3BHK,O1254,Sunita Nambiar,T1254,Isha Prabhu,28268,E113,C1254,Kitchen sink pipe leaking slightly,Plumbing,Resolved,P10254,28268,05-12-2025,Paid
B5,Green Meadows,375,4,1BHK,O1255,Sunita Nambiar,T1255,Meenal Bhat,11759,E109,C1255,Power backup not working,Electricity,Pending,P10255,11759,08-12-2025,Paid
B6,Silver Oaks,358,2,3BHK,O1256,Priya Kapoor,T1256,Nikhil Rao,29120,E120,C1256,No housekeeping staff this week,Housekeeping,Pending,P10256,29120,02-12-2025,Paid
B3,Sunrise Enclave,412,1,2BHK,O1257,Lavanya Menon,T1257,Amit Kaul,18860,E111,C1257,Water seepage from terrace,Water,Pending,P10257,18860,07-12-2025,Paid
B5,Green Meadows,429,5,3BHK,O1258,Ramesh Gupta,T1258,Abha Verma,25645,E106,C1258,Leaking faucet in second bathroom,Plumbing,Pending,P10258,25645,05-12-2025,Paid
B8,Riverside Park,690,2,2BHK,O1259,Mahesh Pai,T1259,Manoj Shetty,19040,E112,C1259,Rusty water from bathroom tap,Water,In Progress,P10259,19040,04-12-2025,Paid
B3,Sunrise Enclave,664,1,3BHK,O1260,Meghna Iyer,T1260,Abhishek Banerjee,27781,E110,C1260,Electrical panel buzzing,Electricity,Resolved,P10260,27781,07-12-2025,Pending
B3,Sunrise Enclave,411,2,2BHK,O1261,Deepak Thomas,T1261,Amit Kaul,18131,E103,C1261,Water seepage from terrace,Water,In Progress,P10261,18131,08-12-2025,Pending
B7,Crystal View,657,1,2BHK,O1262,Keshav Joshi,T1262,Rehan Hussain,19699,E103,C1262,Hall light flickering frequently,Electricity,Resolved,P10262,19699,11-12-2025,Overdue
B3,Sunrise Enclave,146,5,3BHK,O1263,Anita Sinha,T1263,Kunal Joshi,29549,E114,C1263,Hall light flickering frequently,Electricity,Resolved,P10263,29549,02-12-2025,Paid
B5,Green Meadows,328,5,3BHK,O1264,Sanjana Bhat,T1264,Preeti Choudhary,28249,E119,C1264,Low voltage in living room circuit,Electricity,Pending,P10264,28249,06-12-2025,Pending
B8,Riverside Park,613,2,2BHK,O1265,Ramesh Gupta,T1265,Vivek Iyer,17600,E110,C1265,Power backup not working,Electricity,Resolved,P10265,17600,02-12-2025,Paid
B3,Sunrise Enclave,457,3,2BHK,O1266,Meghna Iyer,T1266,Roshni Pandey,19365,E116,C1266,Tap water muddy after rain,Water,Pending,P10266,19365,02-12-2025,Paid
B8,Riverside Park,564,3,1BHK,O1267,Vikram Patel,T1267,Raj Malhotra,12729,E101,C1267,Leakage near washing machine outlet,Plumbing,In Progress,P10267,12729,02-12-2025,Paid
B3,Sunrise Enclave,350,5,1BHK,O1268,Sunita Nambiar,T1268,Kunal Joshi,13760,E118,C1268,Common area dirty post rain,Housekeeping,Pending,P10268,13760,04-12-2025,Paid
B7,Crystal View,289,2,3BHK,O1269,Deepak Thomas,T1269,Manoj Shetty,29384,E101,C1269,Sink trap jammed,Plumbing,In Progress,P10269,29384,04-12-2025,Paid
B8,Riverside Park,540,4,1BHK,O1270,Meghna Iyer,T1270,Pooja Pillai,12379,E103,C1270,Brown water from tap,Water,Resolved,P10270,12379,09-12-2025,Paid
B6,Silver Oaks,434,2,2BHK,O1271,Alok Pandey,T1271,Akshay Nair,17966,E116,C1271,Light bulbs in corridor fused,Electricity,In Progress,P10271,17966,06-12-2025,Pending
B7,Crystal View,217,3,2BHK,O1272,Lavanya Menon,T1272,Rohini Rao,19375,E110,C1272,Pipe vibrating during water flow,Plumbing,In Progress,P10272,19375,02-12-2025,Paid
B3,Sunrise Enclave,421,1,1BHK,O1273,Leela Pillai,T1273,Rohini Rao,12750,E112,C1273,Electrical panel buzzing,Electricity,Resolved,P10273,12750,09-12-2025,Pending
B7,Crystal View,242,5,2BHK,O1274,Kiran Joshi,T1274,Shreya Kulkarni,19232,E118,C1274,Electrical panel buzzing,Electricity,In Progress,P10274,19232,03-12-2025,Paid
B3,Sunrise Enclave,602,3,1BHK,O1275,Santosh Hegde,T1275,Abhishek Banerjee,12266,E120,C1275,Fan not working in bedroom,Electricity,Pending,P10275,12266,01-12-2025,Paid
B8,Riverside Park,240,2,2BHK,O1276,Ashok Kumar,T1276,Swati Gupta,19800,E116,C1276,Power backup not working,Electricity,In Progress,P10276,19800,08-12-2025,Pending
B8,Riverside Park,601,2,1BHK,O1277,Asha Reddy,T1277,Deepak Rao,13815,E110,C1277,Low water pressure in bathrooms,Water,Pending,P10277,13815,04-12-2025,Paid
B5,Green Meadows,273,4,3BHK,O1278,Sanjana Bhat,T1278,Aditya Verma,28057,E104,C1278,Brown water from tap,Water,Resolved,P10278,28057,05-12-2025,Paid
B6,Silver Oaks,656,1,3BHK,O1279,Nitin Desai,T1279,Anand Krishnan,27615,E114,C1279,Hall light flickering frequently,Electricity,In Progress,P10279,27615,11-12-2025,Pending
B5,Green Meadows,134,4,2BHK,O1280,Preeti Shetty,T1280,Abhishek Banerjee,18927,E104,C1280,Metallic taste in water,Water,Resolved,P10280,18927,04-12-2025,Paid
B6,Silver Oaks,539,2,3BHK,O1281,Meghna Iyer,T1281,Anand Krishnan,25140,E102,C1281,Brown water from tap,Water,Pending,P10281,25140,09-12-2025,Pending
B3,Sunrise Enclave,432,6,2BHK,O1282,Vikram Singh,T1282,Pooja Pillai,18685,E117,C1282,Shower head clogged,Plumbing,Resolved,P10282,18685,03-12-2025,Paid
B7,Crystal View,161,3,3BHK,O1283,Ajay Desai,T1283,Neeta Sharma,25039,E105,C1283,Water supply delayed,Water,Pending,P10283,25039,04-12-2025,Paid
B7,Crystal View,602,2,3BHK,O1284,Mahesh Pai,T1284,Rehan Hussain,29180,E114,C1284,Switch socket cracked in hall,Electricity,Pending,P10284,29180,02-12-2025,Paid
B2,Harmony Residency,513,5,3BHK,O1285,Prakash Rao,T1285,Sonal Shah,26279,E116,C1285,Noisy fan in kitchen,Electricity,In Progress,P10285,26279,01-12-2025,Paid
B2,Harmony Residency,570,6,3BHK,O1286,Naresh Jain,T1286,Sneha Menon,29712,E118,C1286,Leaking faucet in second bathroom,Plumbing,Resolved,P10286,29712,07-12-2025,Paid
B8,Riverside Park,375,3,2BHK,O1287,Sanjana Bhat,T1287,Arjun Tiwari,18883,E105,C1287,Brown water from tap,Water,Pending,P10287,18883,06-12-2025,Paid
B1,Maple Heights,202,6,2BHK,O1288,Leela Pillai,T1288,Pradeep Singh,17566,E115,C1288,Drain smell from kitchen,Plumbing,Resolved,P10288,17566,07-12-2025,Paid
B3,Sunrise Enclave,410,2,2BHK,O1289,Prakash Rao,T1289,Sagar Das,17882,E103,C1289,Garbage not collected today,Housekeeping,In Progress,P10289,17882,11-12-2025,Pending
B1,Maple Heights,506,6,2BHK,O1290,Deepak Thomas,T1290,Swati Gupta,18459,E103,C1290,Water supply delayed,Water,Resolved,P10290,18459,01-12-2025,Paid
B4,Lakeview Towers,589,1,1BHK,O1291,Amita Panicker,T1291,Roshni Pandey,13931,E115,C1291,Water leakage in kitchen sink,Plumbing,Resolved,P10291,13931,06-12-2025,Paid
B7,Crystal View,236,4,1BHK,O1292,Poornima Dey,T1292,Anjali Jain,12437,E104,C1292,Hall light flickering frequently,Electricity,Pending,P10292,12437,06-12-2025,Pending
B3,Sunrise Enclave,492,2,3BHK,O1293,Anand Prabhu,T1293,Sneha Menon,29547,E117,C1293,Brown water from tap,Water,Resolved,P10293,29547,10-12-2025,Paid
B8,Riverside Park,460,6,1BHK,O1294,Srikanth Iyer,T1294,Zara Khan,12120,E115,C1294,Water dripping from ceiling after rain,Plumbing,Resolved,P10294,12120,02-12-2025,Paid
B3,Sunrise Enclave,227,5,3BHK,O1295,Naresh Jain,T1295,Meenal Bhat,27145,E111,C1295,Sweeper absent,Housekeeping,Resolved,P10295,27145,04-12-2025,Paid
B5,Green Meadows,187,2,3BHK,O1296,Keshav Joshi,T1296,Nikhil Rao,28923,E110,C1296,Metallic taste in water,Water,In Progress,P10296,28923,01-12-2025,Paid
B5,Green Meadows,311,5,3BHK,O1297,Niranjan Gupta,T1297,Manoj Shetty,28174,E110,C1297,Water tank overflow,Water,Resolved,P10297,28174,04-12-2025,Paid
B8,Riverside Park,496,1,1BHK,O1298,Keshav Joshi,T1298,Sneha Menon,13546,E117,C1298,Water leakage in kitchen sink,Plumbing,Pending,P10298,13546,06-12-2025,Paid
B7,Crystal View,683,4,2BHK,O1299,Kiran Joshi,T1299,Varun Pillai,19737,E103,C1299,Electric socket sparking near bed,Electricity,In Progress,P10299,19737,02-12-2025,Paid
B1,Maple Heights,369,2,1BHK,O1300,Anita Sinha,T1300,Aditya Verma,11747,E110,C1300,Power socket smoking,Electricity,In Progress,P10300,11747,09-12-2025,Pending
